sample_name	SubjectID	Location	SampleType	SampleCollectionWeek
N01_1_2	N01	UCMC	Axilla	Week.1
N01_2_2	N01	UCMC	Axilla	Week.3
N02_1_2	N02	UCMC	Axilla	Week.1
N02_2_2	N02	UCMC	Axilla	Week.3
N03_2_2	N03	UCMC	Axilla	Week.3
N04_1_2	N04	UCMC	Axilla	Week.1
N04_2_2	N04	UCMC	Axilla	Week.3
N05_1_2	N05	UCMC	Axilla	Week.1
N05_2_2	N05	UCMC	Axilla	Week.3
N06_1_2	N06	UCMC	Axilla	Week.1
N07_1_2	N07	UCMC	Axilla	Week.1
N07_2_2	N07	UCMC	Axilla	Week.3
N08_1_2	N08	UCMC	Axilla	Week.1
N08_2_2	N08	UCMC	Axilla	Week.3
N09_1_2	N09	UCMC	Axilla	Week.1
N09_2_2	N09	UCMC	Axilla	Week.3
N10_1_2	N10	UCMC	Axilla	Week.1
N10_2_2	N10	UCMC	Axilla	Week.3
N11_1_2	N11	UCMC	Axilla	Week.1
N11_2_2	N11	UCMC	Axilla	Week.3
N12_1_2	N12	UCMC	Axilla	Week.1
N13_1_2	N13	UCMC	Axilla	Week.1
N13_2_2	N13	UCMC	Axilla	Week.3
N14_1_2	N14	UCMC	Axilla	Week.1
N14_2_2	N14	UCMC	Axilla	Week.3
N15_1_2	N15	UCMC	Axilla	Week.1
N15_2_2	N15	UCMC	Axilla	Week.3
N16_1_2	N16	UCMC	Axilla	Week.1
N16_2_2	N16	UCMC	Axilla	Week.3
N17_1_2	N17	UCMC	Axilla	Week.1
N17_2_2	N17	UCMC	Axilla	Week.3
N18_1_2	N18	UCMC	Axilla	Week.1
N18_2_2	N18	UCMC	Axilla	Week.3
N19_1_2	N19	UCMC	Axilla	Week.1
N19_2_2	N19	UCMC	Axilla	Week.3
N20_1_2	N20	UCMC	Axilla	Week.1
N20_2_2	N20	UCMC	Axilla	Week.3
N21_1_2	N21	UCMC	Axilla	Week.1
N21_2_2	N21	UCMC	Axilla	Week.3
N22_1_2	N22	UCMC	Axilla	Week.1
N22_2_2	N22	UCMC	Axilla	Week.3
N23_2_2	N23	UCMC	Axilla	Week.3
N24_1_2	N24	UCMC	Axilla	Week.1
N25_1_2	N25	UCMC	Axilla	Week.1
N25_2_2	N25	UCMC	Axilla	Week.3
N27_1_2	N27	UCMC	Axilla	Week.1
N28_1_2	N28	UCMC	Axilla	Week.1
N29_1_2	N29	UCMC	Axilla	Week.1
N29_2_2	N29	UCMC	Axilla	Week.3
N30_1_2	N30	UCMC	Axilla	Week.1
N30_2_2	N30	UCMC	Axilla	Week.3
N31_1_2	N31	UCMC	Axilla	Week.1
N31_2_2	N31	UCMC	Axilla	Week.3
N32_1_2	N32	UCMC	Axilla	Week.1
N34_1_2	N34	UCMC	Axilla	Week.1
N34_2_2	N34	UCMC	Axilla	Week.3
N35_1_2	N35	UCMC	Axilla	Week.1
N35_2_2	N35	UCMC	Axilla	Week.3
N36_1_2	N36	UCMC	Axilla	Week.1
N36_2_2	N36	UCMC	Axilla	Week.3
N37_1_2	N37	UCMC	Axilla	Week.1
N38_1_2	N38	UCMC	Axilla	Week.1
N38_2_2	N38	UCMC	Axilla	Week.3
N39_2_2	N39	UCMC	Axilla	Week.3
N40_1_2	N40	UCMC	Axilla	Week.1
N40_2_2	N40	UCMC	Axilla	Week.3
N41_1_2	N41	UCMC	Axilla	Week.1
N41_2_2	N41	UCMC	Axilla	Week.3
N42_1_2	N42	UCMC	Axilla	Week.1
N42_2_2	N42	UCMC	Axilla	Week.3
N43_1_2	N43	UCMC	Axilla	Week.1
N43_2_2	N43	UCMC	Axilla	Week.3
N44_1_2	N44	UCMC	Axilla	Week.1
N44_2_2	N44	UCMC	Axilla	Week.3
N45_1_2	N45	UCMC	Axilla	Week.1
N45_2_2	N45	UCMC	Axilla	Week.3
N46_1_2	N46	UCMC	Axilla	Week.1
N46_2_2	N46	UCMC	Axilla	Week.3
N47_1_2	N47	UCMC	Axilla	Week.1
N47_2_2	N47	UCMC	Axilla	Week.3
N48_1_2	N48	UCMC	Axilla	Week.1
N48_2_2	N48	UCMC	Axilla	Week.3
N49_1_2	N49	UCMC	Axilla	Week.1
N49_2_2	N49	UCMC	Axilla	Week.3
N50_1_2	N50	UCMC	Axilla	Week.1
N50_2_2	N50	UCMC	Axilla	Week.3
N51_1_2	N51	UCMC	Axilla	Week.1
N51_2_2	N51	UCMC	Axilla	Week.3
N52_1_2	N52	UCMC	Axilla	Week.1
N52_2_2	N52	UCMC	Axilla	Week.3
N53_1_2	N53	UCMC	Axilla	Week.1
N53_2_2	N53	UCMC	Axilla	Week.3
N54_1_2	N54	UCMC	Axilla	Week.1
N54_2_2	N54	UCMC	Axilla	Week.3
N55_1_2	N55	UCMC	Axilla	Week.1
N55_2_2	N55	UCMC	Axilla	Week.3
N56_1_2	N56	UCMC	Axilla	Week.1
N57_1_2	N57	UCMC	Axilla	Week.1
N57_2_2	N57	UCMC	Axilla	Week.3
N58_1_2	N58	UCMC	Axilla	Week.1
N58_2_2	N58	UCMC	Axilla	Week.3
N59_1_2	N59	UCMC	Axilla	Week.1
N60_1_2	N60	UCMC	Axilla	Week.1
N60_2_2	N60	UCMC	Axilla	Week.3
N61_1_2	N61	UCMC	Axilla	Week.1
N61_2_2	N61	UCMC	Axilla	Week.3
N62_1_2	N62	UCMC	Axilla	Week.1
N62_2_2	N62	UCMC	Axilla	Week.3
N63_1_2	N63	UCMC	Axilla	Week.1
N63_2_2	N63	UCMC	Axilla	Week.3
N64_1_2	N64	UCMC	Axilla	Week.1
N64_2_2	N64	UCMC	Axilla	Week.3
N65_1_2	N65	UCMC	Axilla	Week.1
N65_2_2	N65	UCMC	Axilla	Week.3
N66_1_2	N66	UCMC	Axilla	Week.1
N66_2_2	N66	UCMC	Axilla	Week.3
N67_1_2	N67	UCMC	Axilla	Week.1
N67_2_2	N67	UCMC	Axilla	Week.3
N68_1_2	N68	UCMC	Axilla	Week.1
N68_2_2	N68	UCMC	Axilla	Week.3
N01_1_3	N01	UCMC	Groin	Week.1
N01_2_3	N01	UCMC	Groin	Week.3
N02_1_3	N02	UCMC	Groin	Week.1
N02_2_3	N02	UCMC	Groin	Week.3
N03_2_3	N03	UCMC	Groin	Week.3
N04_1_3	N04	UCMC	Groin	Week.1
N04_2_3	N04	UCMC	Groin	Week.3
N05_1_3	N05	UCMC	Groin	Week.1
N05_2_3	N05	UCMC	Groin	Week.3
N06_1_3	N06	UCMC	Groin	Week.1
N07_1_3	N07	UCMC	Groin	Week.1
N07_2_3	N07	UCMC	Groin	Week.3
N08_1_3	N08	UCMC	Groin	Week.1
N08_2_3	N08	UCMC	Groin	Week.3
N09_1_3	N09	UCMC	Groin	Week.1
N09_2_3	N09	UCMC	Groin	Week.3
N10_1_3	N10	UCMC	Groin	Week.1
N10_2_3	N10	UCMC	Groin	Week.3
N11_1_3	N11	UCMC	Groin	Week.1
N11_2_3	N11	UCMC	Groin	Week.3
N12_1_3	N12	UCMC	Groin	Week.1
N13_1_3	N13	UCMC	Groin	Week.1
N13_2_3	N13	UCMC	Groin	Week.3
N14_1_3	N14	UCMC	Groin	Week.1
N14_2_3	N14	UCMC	Groin	Week.3
N15_1_3	N15	UCMC	Groin	Week.1
N15_2_3	N15	UCMC	Groin	Week.3
N16_1_3	N16	UCMC	Groin	Week.1
N16_2_3	N16	UCMC	Groin	Week.3
N17_1_3	N17	UCMC	Groin	Week.1
N17_2_3	N17	UCMC	Groin	Week.3
N18_1_3	N18	UCMC	Groin	Week.1
N18_2_3	N18	UCMC	Groin	Week.3
N19_1_3	N19	UCMC	Groin	Week.1
N19_2_3	N19	UCMC	Groin	Week.3
N20_1_3	N20	UCMC	Groin	Week.1
N20_2_3	N20	UCMC	Groin	Week.3
N21_1_3	N21	UCMC	Groin	Week.1
N21_2_3	N21	UCMC	Groin	Week.3
N22_1_3	N22	UCMC	Groin	Week.1
N22_2_3	N22	UCMC	Groin	Week.3
N23_2_3	N23	UCMC	Groin	Week.3
N24_1_3	N24	UCMC	Groin	Week.1
N24_2_3	N24	UCMC	Groin	Week.3
N25_1_3	N25	UCMC	Groin	Week.1
N25_2_3	N25	UCMC	Groin	Week.3
N27_1_3	N27	UCMC	Groin	Week.1
N27_2_3	N27	UCMC	Groin	Week.3
N28_1_3	N28	UCMC	Groin	Week.1
N28_2_3	N28	UCMC	Groin	Week.3
N29_1_3	N29	UCMC	Groin	Week.1
N29_2_3	N29	UCMC	Groin	Week.3
N30_1_3	N30	UCMC	Groin	Week.1
N31_1_3	N31	UCMC	Groin	Week.1
N32_1_3	N32	UCMC	Groin	Week.1
N32_2_3	N32	UCMC	Groin	Week.3
N33_1_3	N33	UCMC	Groin	Week.1
N33_2_3	N33	UCMC	Groin	Week.3
N34_1_3	N34	UCMC	Groin	Week.1
N34_2_3	N34	UCMC	Groin	Week.3
N35_1_3	N35	UCMC	Groin	Week.1
N35_2_3	N35	UCMC	Groin	Week.3
N36_1_3	N36	UCMC	Groin	Week.1
N36_2_3	N36	UCMC	Groin	Week.3
N37_1_3	N37	UCMC	Groin	Week.1
N38_1_3	N38	UCMC	Groin	Week.1
N38_2_3	N38	UCMC	Groin	Week.3
N39_1_3	N39	UCMC	Groin	Week.1
N39_2_3	N39	UCMC	Groin	Week.3
N40_1_3	N40	UCMC	Groin	Week.1
N40_2_3	N40	UCMC	Groin	Week.3
N41_1_3	N41	UCMC	Groin	Week.1
N41_2_3	N41	UCMC	Groin	Week.3
N42_1_3	N42	UCMC	Groin	Week.1
N42_2_3	N42	UCMC	Groin	Week.3
N43_1_3	N43	UCMC	Groin	Week.1
N43_2_3	N43	UCMC	Groin	Week.3
N44_1_3	N44	UCMC	Groin	Week.1
N44_2_3	N44	UCMC	Groin	Week.3
N45_1_3	N45	UCMC	Groin	Week.1
N45_2_3	N45	UCMC	Groin	Week.3
N46_1_3	N46	UCMC	Groin	Week.1
N46_2_3	N46	UCMC	Groin	Week.3
N47_1_3	N47	UCMC	Groin	Week.1
N47_2_3	N47	UCMC	Groin	Week.3
N48_1_3	N48	UCMC	Groin	Week.1
N48_2_3	N48	UCMC	Groin	Week.3
N49_1_3	N49	UCMC	Groin	Week.1
N49_2_3	N49	UCMC	Groin	Week.3
N50_1_3	N50	UCMC	Groin	Week.1
N50_2_3	N50	UCMC	Groin	Week.3
N51_1_3	N51	UCMC	Groin	Week.1
N51_2_3	N51	UCMC	Groin	Week.3
N52_1_3	N52	UCMC	Groin	Week.1
N52_2_3	N52	UCMC	Groin	Week.3
N53_1_3	N53	UCMC	Groin	Week.1
N53_2_3	N53	UCMC	Groin	Week.3
N54_1_3	N54	UCMC	Groin	Week.1
N54_2_3	N54	UCMC	Groin	Week.3
N55_1_3	N55	UCMC	Groin	Week.1
N55_2_3	N55	UCMC	Groin	Week.3
N56_1_3	N56	UCMC	Groin	Week.1
N57_1_3	N57	UCMC	Groin	Week.1
N57_2_3	N57	UCMC	Groin	Week.3
N58_1_3	N58	UCMC	Groin	Week.1
N58_2_3	N58	UCMC	Groin	Week.3
N59_1_3	N59	UCMC	Groin	Week.1
N60_1_3	N60	UCMC	Groin	Week.1
N60_2_3	N60	UCMC	Groin	Week.3
N61_1_3	N61	UCMC	Groin	Week.1
N61_2_3	N61	UCMC	Groin	Week.3
N62_1_3	N62	UCMC	Groin	Week.1
N62_2_3	N62	UCMC	Groin	Week.3
N63_1_3	N63	UCMC	Groin	Week.1
N63_2_3	N63	UCMC	Groin	Week.3
N64_1_3	N64	UCMC	Groin	Week.1
N64_2_3	N64	UCMC	Groin	Week.3
N65_1_3	N65	UCMC	Groin	Week.1
N65_2_3	N65	UCMC	Groin	Week.3
N66_1_3	N66	UCMC	Groin	Week.1
N66_2_3	N66	UCMC	Groin	Week.3
N67_1_3	N67	UCMC	Groin	Week.1
N67_2_3	N67	UCMC	Groin	Week.3
N68_1_3	N68	UCMC	Groin	Week.1
N68_2_3	N68	UCMC	Groin	Week.3
N01_1_4	N01	UCMC	Stool	Week.1
N01_2_4	N01	UCMC	Stool	Week.3
N02_1_4	N02	UCMC	Stool	Week.1
N02_2_4	N02	UCMC	Stool	Week.3
N03_1_4	N03	UCMC	Stool	Week.1
N03_2_4	N03	UCMC	Stool	Week.3
N04_1_4	N04	UCMC	Stool	Week.1
N04_2_4	N04	UCMC	Stool	Week.3
N05_1_4	N05	UCMC	Stool	Week.1
N05_2_4	N05	UCMC	Stool	Week.3
N06_1_4	N06	UCMC	Stool	Week.1
N07_1_4	N07	UCMC	Stool	Week.1
N07_2_4	N07	UCMC	Stool	Week.3
N08_1_4	N08	UCMC	Stool	Week.1
N08_2_4	N08	UCMC	Stool	Week.3
N09_1_4	N09	UCMC	Stool	Week.1
N09_2_4	N09	UCMC	Stool	Week.3
N10_1_4	N10	UCMC	Stool	Week.1
N10_2_4	N10	UCMC	Stool	Week.3
N11_1_4	N11	UCMC	Stool	Week.1
N11_2_4	N11	UCMC	Stool	Week.3
N12_1_4	N12	UCMC	Stool	Week.1
N13_1_4	N13	UCMC	Stool	Week.1
N13_2_4	N13	UCMC	Stool	Week.3
N14_1_4	N14	UCMC	Stool	Week.1
N14_2_4	N14	UCMC	Stool	Week.3
N15_1_4	N15	UCMC	Stool	Week.1
N15_2_4	N15	UCMC	Stool	Week.3
N16_1_4	N16	UCMC	Stool	Week.1
N16_2_4	N16	UCMC	Stool	Week.3
N17_1_4	N17	UCMC	Stool	Week.1
N17_2_4	N17	UCMC	Stool	Week.3
N18_1_4	N18	UCMC	Stool	Week.1
N18_2_4	N18	UCMC	Stool	Week.3
N19_1_4	N19	UCMC	Stool	Week.1
N19_2_4	N19	UCMC	Stool	Week.3
N20_1_4	N20	UCMC	Stool	Week.1
N20_2_4	N20	UCMC	Stool	Week.3
N21_1_4	N21	UCMC	Stool	Week.1
N21_2_4	N21	UCMC	Stool	Week.3
N22_1_4	N22	UCMC	Stool	Week.1
N22_2_4	N22	UCMC	Stool	Week.3
N23_1_4	N23	UCMC	Stool	Week.1
N23_2_4	N23	UCMC	Stool	Week.3
N24_1_4	N24	UCMC	Stool	Week.1
N24_2_4	N24	UCMC	Stool	Week.3
N25_1_4	N25	UCMC	Stool	Week.1
N25_2_4	N25	UCMC	Stool	Week.3
N26_1_4	N26	UCMC	Stool	Week.1
N27_1_4	N27	UCMC	Stool	Week.1
N27_2_4	N27	UCMC	Stool	Week.3
N28_1_4	N28	UCMC	Stool	Week.1
N28_2_4	N28	UCMC	Stool	Week.3
N29_1_4	N29	UCMC	Stool	Week.1
N29_2_4	N29	UCMC	Stool	Week.3
N30_1_4	N30	UCMC	Stool	Week.1
N30_2_4	N30	UCMC	Stool	Week.3
N31_1_4	N31	UCMC	Stool	Week.1
N31_2_4	N31	UCMC	Stool	Week.3
N32_1_4	N32	UCMC	Stool	Week.1
N32_2_4	N32	UCMC	Stool	Week.3
N33_1_4	N33	UCMC	Stool	Week.1
N33_2_4	N33	UCMC	Stool	Week.3
N34_1_4	N34	UCMC	Stool	Week.1
N35_1_4	N35	UCMC	Stool	Week.1
N36_1_4	N36	UCMC	Stool	Week.1
N38_1_4	N38	UCMC	Stool	Week.1
N38_2_4	N38	UCMC	Stool	Week.3
N39_1_4	N39	UCMC	Stool	Week.1
N39_2_4	N39	UCMC	Stool	Week.3
N40_1_4	N40	UCMC	Stool	Week.1
N41_1_4	N41	UCMC	Stool	Week.1
N42_1_4	N42	UCMC	Stool	Week.1
N45_1_4	N45	UCMC	Stool	Week.1
N46_2_4	N46	UCMC	Stool	Week.3
N47_2_4	N47	UCMC	Stool	Week.3
N48_2_4	N48	UCMC	Stool	Week.3
N49_1_4	N49	UCMC	Stool	Week.1
N49_2_4	N49	UCMC	Stool	Week.3
N50_1_4	N50	UCMC	Stool	Week.1
N50_2_4	N50	UCMC	Stool	Week.3
N51_1_4	N51	UCMC	Stool	Week.1
N51_2_4	N51	UCMC	Stool	Week.3
N52_1_4	N52	UCMC	Stool	Week.1
N52_2_4	N52	UCMC	Stool	Week.3
N53_1_4	N53	UCMC	Stool	Week.1
N53_2_4	N53	UCMC	Stool	Week.3
N54_1_4	N54	UCMC	Stool	Week.1
N54_2_4	N54	UCMC	Stool	Week.3
N55_1_4	N55	UCMC	Stool	Week.1
N55_2_4	N55	UCMC	Stool	Week.3
N56_1_4	N56	UCMC	Stool	Week.1
N57_1_4	N57	UCMC	Stool	Week.1
N57_2_4	N57	UCMC	Stool	Week.3
N58_1_4	N58	UCMC	Stool	Week.1
N58_2_4	N58	UCMC	Stool	Week.3
N59_1_4	N59	UCMC	Stool	Week.1
N60_1_4	N60	UCMC	Stool	Week.1
N60_2_4	N60	UCMC	Stool	Week.3
N61_1_4	N61	UCMC	Stool	Week.1
N61_2_4	N61	UCMC	Stool	Week.3
N62_1_4	N62	UCMC	Stool	Week.1
N62_2_4	N62	UCMC	Stool	Week.3
N63_1_4	N63	UCMC	Stool	Week.1
N63_2_4	N63	UCMC	Stool	Week.3
N64_1_4	N64	UCMC	Stool	Week.1
N64_2_4	N64	UCMC	Stool	Week.3
N65_1_4	N65	UCMC	Stool	Week.1
N65_2_4	N65	UCMC	Stool	Week.3
N66_1_4	N66	UCMC	Stool	Week.1
N66_2_4	N66	UCMC	Stool	Week.3
N67_1_4	N67	UCMC	Stool	Week.1
N67_2_4	N67	UCMC	Stool	Week.3
N68_1_4	N68	UCMC	Stool	Week.1
N68_2_4	N68	UCMC	Stool	Week.3
ZJH_N01_1_2	ZJH_N01	ZCH	Axilla	Week.1
ZJH_N02_1_2	ZJH_N02	ZCH	Axilla	Week.1
ZJH_N02_2_2	ZJH_N02	ZCH	Axilla	Week.3
ZJH_N03_1_2	ZJH_N03	ZCH	Axilla	Week.1
ZJH_N03_2_2	ZJH_N03	ZCH	Axilla	Week.3
ZJH_N04_1_2	ZJH_N04	ZCH	Axilla	Week.1
ZJH_N04_2_2	ZJH_N04	ZCH	Axilla	Week.3
ZJH_N05_1_2	ZJH_N05	ZCH	Axilla	Week.1
ZJH_N05_2_2	ZJH_N05	ZCH	Axilla	Week.3
ZJH_N06_1_2	ZJH_N06	ZCH	Axilla	Week.1
ZJH_N06_2_2	ZJH_N06	ZCH	Axilla	Week.3
ZJH_N07_1_2	ZJH_N07	ZCH	Axilla	Week.1
ZJH_N08_1_2	ZJH_N08	ZCH	Axilla	Week.1
ZJH_N08_2_2	ZJH_N08	ZCH	Axilla	Week.3
ZJH_N09_1_2	ZJH_N09	ZCH	Axilla	Week.1
ZJH_N09_2_2	ZJH_N09	ZCH	Axilla	Week.3
ZJH_N10_1_2	ZJH_N10	ZCH	Axilla	Week.1
ZJH_N10_2_2	ZJH_N10	ZCH	Axilla	Week.3
ZJH_N11_1_2	ZJH_N11	ZCH	Axilla	Week.1
ZJH_N11_2_2	ZJH_N11	ZCH	Axilla	Week.3
ZJH_N12_1_2	ZJH_N12	ZCH	Axilla	Week.1
ZJH_N12_2_2	ZJH_N12	ZCH	Axilla	Week.3
ZJH_N13_1_2	ZJH_N13	ZCH	Axilla	Week.1
ZJH_N13_2_2	ZJH_N13	ZCH	Axilla	Week.3
ZJH_N14_1_2	ZJH_N14	ZCH	Axilla	Week.1
ZJH_N14_2_2	ZJH_N14	ZCH	Axilla	Week.3
ZJH_N15_1_2	ZJH_N15	ZCH	Axilla	Week.1
ZJH_N16_1_2	ZJH_N16	ZCH	Axilla	Week.1
ZJH_N16_2_2	ZJH_N16	ZCH	Axilla	Week.3
ZJH_N17_1_2	ZJH_N17	ZCH	Axilla	Week.1
ZJH_N17_2_2	ZJH_N17	ZCH	Axilla	Week.3
ZJH_N18_1_2	ZJH_N18	ZCH	Axilla	Week.1
ZJH_N18_2_2	ZJH_N18	ZCH	Axilla	Week.3
ZJH_N19_1_2	ZJH_N19	ZCH	Axilla	Week.1
ZJH_N19_2_2	ZJH_N19	ZCH	Axilla	Week.3
ZJH_N20_2_2	ZJH_N20	ZCH	Axilla	Week.3
ZJH_N21_1_2	ZJH_N21	ZCH	Axilla	Week.1
ZJH_N21_2_2	ZJH_N21	ZCH	Axilla	Week.3
ZJH_N22_2_2	ZJH_N22	ZCH	Axilla	Week.3
ZJH_N23_1_2	ZJH_N23	ZCH	Axilla	Week.1
ZJH_N23_2_2	ZJH_N23	ZCH	Axilla	Week.3
ZJH_N24_1_2	ZJH_N24	ZCH	Axilla	Week.1
ZJH_N24_2_2	ZJH_N24	ZCH	Axilla	Week.3
ZJH_N25_1_2	ZJH_N25	ZCH	Axilla	Week.1
ZJH_N25_2_2	ZJH_N25	ZCH	Axilla	Week.3
ZJH_N26_1_2	ZJH_N26	ZCH	Axilla	Week.1
ZJH_N26_2_2	ZJH_N26	ZCH	Axilla	Week.3
ZJH_N27_2_2	ZJH_N27	ZCH	Axilla	Week.3
ZJH_N28_1_2	ZJH_N28	ZCH	Axilla	Week.1
ZJH_N28_2_2	ZJH_N28	ZCH	Axilla	Week.3
ZJH_N29_1_2	ZJH_N29	ZCH	Axilla	Week.1
ZJH_N31_1_2	ZJH_N31	ZCH	Axilla	Week.1
ZJH_N31_2_2	ZJH_N31	ZCH	Axilla	Week.3
ZJH_N32_1_2	ZJH_N32	ZCH	Axilla	Week.1
ZJH_N32_2_2	ZJH_N32	ZCH	Axilla	Week.3
ZJH_N33_1_2	ZJH_N33	ZCH	Axilla	Week.1
ZJH_N33_2_2	ZJH_N33	ZCH	Axilla	Week.3
ZJH_N34_1_2	ZJH_N34	ZCH	Axilla	Week.1
ZJH_N35_1_2	ZJH_N35	ZCH	Axilla	Week.1
ZJH_N36_1_2	ZJH_N36	ZCH	Axilla	Week.1
ZJH_N36_2_2	ZJH_N36	ZCH	Axilla	Week.3
ZJH_N37_1_2	ZJH_N37	ZCH	Axilla	Week.1
ZJH_N38_1_2	ZJH_N38	ZCH	Axilla	Week.1
ZJH_N39_2_2	ZJH_N39	ZCH	Axilla	Week.3
ZJH_N40_1_2	ZJH_N40	ZCH	Axilla	Week.1
ZJH_N41_1_2	ZJH_N41	ZCH	Axilla	Week.1
ZJH_N42_2_2	ZJH_N42	ZCH	Axilla	Week.3
ZJH_N43_1_2	ZJH_N43	ZCH	Axilla	Week.1
ZJH_N43_2_2	ZJH_N43	ZCH	Axilla	Week.3
ZJH_N44_1_2	ZJH_N44	ZCH	Axilla	Week.1
ZJH_N45_1_2	ZJH_N45	ZCH	Axilla	Week.1
ZJH_N45_2_2	ZJH_N45	ZCH	Axilla	Week.3
ZJH_N46_1_2	ZJH_N46	ZCH	Axilla	Week.1
ZJH_N46_2_2	ZJH_N46	ZCH	Axilla	Week.3
ZJH_N47_1_2	ZJH_N47	ZCH	Axilla	Week.1
ZJH_N47_2_2	ZJH_N47	ZCH	Axilla	Week.3
ZJH_N48_2_2	ZJH_N48	ZCH	Axilla	Week.3
ZJH_N49_1_2	ZJH_N49	ZCH	Axilla	Week.1
ZJH_N49_2_2	ZJH_N49	ZCH	Axilla	Week.3
ZJH_N50_1_2	ZJH_N50	ZCH	Axilla	Week.1
ZJH_N50_2_2	ZJH_N50	ZCH	Axilla	Week.3
ZJH_N51_1_2	ZJH_N51	ZCH	Axilla	Week.1
ZJH_N52_1_2	ZJH_N52	ZCH	Axilla	Week.1
ZJH_N52_2_2	ZJH_N52	ZCH	Axilla	Week.3
ZJH_N53_2_2	ZJH_N53	ZCH	Axilla	Week.3
ZJH_N54_1_2	ZJH_N54	ZCH	Axilla	Week.1
ZJH_N54_2_2	ZJH_N54	ZCH	Axilla	Week.3
ZJH_N55_1_2	ZJH_N55	ZCH	Axilla	Week.1
ZJH_N55_2_2	ZJH_N55	ZCH	Axilla	Week.3
ZJH_N56_1_2	ZJH_N56	ZCH	Axilla	Week.1
ZJH_N56_2_2	ZJH_N56	ZCH	Axilla	Week.3
ZJH_N57_1_2	ZJH_N57	ZCH	Axilla	Week.1
ZJH_N58_1_2	ZJH_N58	ZCH	Axilla	Week.1
ZJH_N58_2_2	ZJH_N58	ZCH	Axilla	Week.3
ZJH_N59_1_2	ZJH_N59	ZCH	Axilla	Week.1
ZJH_N01_2_3	ZJH_N01	ZCH	Groin	Week.3
ZJH_N02_1_3	ZJH_N02	ZCH	Groin	Week.1
ZJH_N02_2_3	ZJH_N02	ZCH	Groin	Week.3
ZJH_N03_1_3	ZJH_N03	ZCH	Groin	Week.1
ZJH_N04_1_3	ZJH_N04	ZCH	Groin	Week.1
ZJH_N04_2_3	ZJH_N04	ZCH	Groin	Week.3
ZJH_N05_2_3	ZJH_N05	ZCH	Groin	Week.3
ZJH_N06_1_3	ZJH_N06	ZCH	Groin	Week.1
ZJH_N06_2_3	ZJH_N06	ZCH	Groin	Week.3
ZJH_N07_1_3	ZJH_N07	ZCH	Groin	Week.1
ZJH_N07_2_3	ZJH_N07	ZCH	Groin	Week.3
ZJH_N08_1_3	ZJH_N08	ZCH	Groin	Week.1
ZJH_N08_2_3	ZJH_N08	ZCH	Groin	Week.3
ZJH_N09_1_3	ZJH_N09	ZCH	Groin	Week.1
ZJH_N10_2_3	ZJH_N10	ZCH	Groin	Week.3
ZJH_N11_1_3	ZJH_N11	ZCH	Groin	Week.1
ZJH_N11_2_3	ZJH_N11	ZCH	Groin	Week.3
ZJH_N12_1_3	ZJH_N12	ZCH	Groin	Week.1
ZJH_N13_1_3	ZJH_N13	ZCH	Groin	Week.1
ZJH_N13_2_3	ZJH_N13	ZCH	Groin	Week.3
ZJH_N14_1_3	ZJH_N14	ZCH	Groin	Week.1
ZJH_N14_2_3	ZJH_N14	ZCH	Groin	Week.3
ZJH_N16_1_3	ZJH_N16	ZCH	Groin	Week.1
ZJH_N16_2_3	ZJH_N16	ZCH	Groin	Week.3
ZJH_N17_1_3	ZJH_N17	ZCH	Groin	Week.1
ZJH_N17_2_3	ZJH_N17	ZCH	Groin	Week.3
ZJH_N18_1_3	ZJH_N18	ZCH	Groin	Week.1
ZJH_N18_2_3	ZJH_N18	ZCH	Groin	Week.3
ZJH_N19_1_3	ZJH_N19	ZCH	Groin	Week.1
ZJH_N20_1_3	ZJH_N20	ZCH	Groin	Week.1
ZJH_N20_2_3	ZJH_N20	ZCH	Groin	Week.3
ZJH_N22_1_3	ZJH_N22	ZCH	Groin	Week.1
ZJH_N22_2_3	ZJH_N22	ZCH	Groin	Week.3
ZJH_N23_1_3	ZJH_N23	ZCH	Groin	Week.1
ZJH_N23_2_3	ZJH_N23	ZCH	Groin	Week.3
ZJH_N24_1_3	ZJH_N24	ZCH	Groin	Week.1
ZJH_N24_2_3	ZJH_N24	ZCH	Groin	Week.3
ZJH_N25_1_3	ZJH_N25	ZCH	Groin	Week.1
ZJH_N27_2_3	ZJH_N27	ZCH	Groin	Week.3
ZJH_N28_2_3	ZJH_N28	ZCH	Groin	Week.3
ZJH_N30_1_3	ZJH_N30	ZCH	Groin	Week.1
ZJH_N30_2_3	ZJH_N30	ZCH	Groin	Week.3
ZJH_N31_2_3	ZJH_N31	ZCH	Groin	Week.3
ZJH_N32_2_3	ZJH_N32	ZCH	Groin	Week.3
ZJH_N33_1_3	ZJH_N33	ZCH	Groin	Week.1
ZJH_N34_1_3	ZJH_N34	ZCH	Groin	Week.1
ZJH_N36_1_3	ZJH_N36	ZCH	Groin	Week.1
ZJH_N36_2_3	ZJH_N36	ZCH	Groin	Week.3
ZJH_N37_1_3	ZJH_N37	ZCH	Groin	Week.1
ZJH_N38_1_3	ZJH_N38	ZCH	Groin	Week.1
ZJH_N39_2_3	ZJH_N39	ZCH	Groin	Week.3
ZJH_N41_1_3	ZJH_N41	ZCH	Groin	Week.1
ZJH_N42_1_3	ZJH_N42	ZCH	Groin	Week.1
ZJH_N42_2_3	ZJH_N42	ZCH	Groin	Week.3
ZJH_N43_1_3	ZJH_N43	ZCH	Groin	Week.1
ZJH_N43_2_3	ZJH_N43	ZCH	Groin	Week.3
ZJH_N44_1_3	ZJH_N44	ZCH	Groin	Week.1
ZJH_N45_1_3	ZJH_N45	ZCH	Groin	Week.1
ZJH_N45_2_3	ZJH_N45	ZCH	Groin	Week.3
ZJH_N46_2_3	ZJH_N46	ZCH	Groin	Week.3
ZJH_N47_1_3	ZJH_N47	ZCH	Groin	Week.1
ZJH_N47_2_3	ZJH_N47	ZCH	Groin	Week.3
ZJH_N48_1_3	ZJH_N48	ZCH	Groin	Week.1
ZJH_N49_1_3	ZJH_N49	ZCH	Groin	Week.1
ZJH_N50_1_3	ZJH_N50	ZCH	Groin	Week.1
ZJH_N50_2_3	ZJH_N50	ZCH	Groin	Week.3
ZJH_N51_1_3	ZJH_N51	ZCH	Groin	Week.1
ZJH_N51_2_3	ZJH_N51	ZCH	Groin	Week.3
ZJH_N52_1_3	ZJH_N52	ZCH	Groin	Week.1
ZJH_N52_2_3	ZJH_N52	ZCH	Groin	Week.3
ZJH_N53_2_3	ZJH_N53	ZCH	Groin	Week.3
ZJH_N54_1_3	ZJH_N54	ZCH	Groin	Week.1
ZJH_N54_2_3	ZJH_N54	ZCH	Groin	Week.3
ZJH_N55_1_3	ZJH_N55	ZCH	Groin	Week.1
ZJH_N55_2_3	ZJH_N55	ZCH	Groin	Week.3
ZJH_N56_1_3	ZJH_N56	ZCH	Groin	Week.1
ZJH_N56_2_3	ZJH_N56	ZCH	Groin	Week.3
ZJH_N57_1_3	ZJH_N57	ZCH	Groin	Week.1
ZJH_N57_1_3_diamond	ZJH_N57	ZCH	Groin	Week.1
ZJH_N58_1_3	ZJH_N58	ZCH	Groin	Week.1
ZJH_N58_2_3	ZJH_N58	ZCH	Groin	Week.3
ZJH_N59_1_3	ZJH_N59	ZCH	Groin	Week.1
ZJH_N59_2_3	ZJH_N59	ZCH	Groin	Week.3
ZJH_N01_1_4	ZJH_N01	ZCH	Stool	Week.1
ZJH_N01_2_4	ZJH_N01	ZCH	Stool	Week.3
ZJH_N02_1_4	ZJH_N02	ZCH	Stool	Week.1
ZJH_N02_2_4	ZJH_N02	ZCH	Stool	Week.3
ZJH_N03_2_4	ZJH_N03	ZCH	Stool	Week.3
ZJH_N04_1_4	ZJH_N04	ZCH	Stool	Week.1
ZJH_N04_2_4	ZJH_N04	ZCH	Stool	Week.3
ZJH_N05_1_4	ZJH_N05	ZCH	Stool	Week.1
ZJH_N05_2_4	ZJH_N05	ZCH	Stool	Week.3
ZJH_N06_1_4	ZJH_N06	ZCH	Stool	Week.1
ZJH_N06_2_4	ZJH_N06	ZCH	Stool	Week.3
ZJH_N07_1_4	ZJH_N07	ZCH	Stool	Week.1
ZJH_N07_2_4	ZJH_N07	ZCH	Stool	Week.3
ZJH_N08_1_4	ZJH_N08	ZCH	Stool	Week.1
ZJH_N08_2_4	ZJH_N08	ZCH	Stool	Week.3
ZJH_N09_2_4	ZJH_N09	ZCH	Stool	Week.3
ZJH_N10_1_4	ZJH_N10	ZCH	Stool	Week.1
ZJH_N10_2_4	ZJH_N10	ZCH	Stool	Week.3
ZJH_N11_1_4	ZJH_N11	ZCH	Stool	Week.1
ZJH_N11_2_4	ZJH_N11	ZCH	Stool	Week.3
ZJH_N12_1_4	ZJH_N12	ZCH	Stool	Week.1
ZJH_N12_2_4	ZJH_N12	ZCH	Stool	Week.3
ZJH_N13_1_4	ZJH_N13	ZCH	Stool	Week.1
ZJH_N13_2_4	ZJH_N13	ZCH	Stool	Week.3
ZJH_N14_1_4	ZJH_N14	ZCH	Stool	Week.1
ZJH_N14_2_4	ZJH_N14	ZCH	Stool	Week.3
ZJH_N15_1_4	ZJH_N15	ZCH	Stool	Week.1
ZJH_N16_2_4	ZJH_N16	ZCH	Stool	Week.3
ZJH_N17_1_4	ZJH_N17	ZCH	Stool	Week.1
ZJH_N17_2_4	ZJH_N17	ZCH	Stool	Week.3
ZJH_N18_1_4	ZJH_N18	ZCH	Stool	Week.1
ZJH_N18_2_4	ZJH_N18	ZCH	Stool	Week.3
ZJH_N19_1_4	ZJH_N19	ZCH	Stool	Week.1
ZJH_N19_2_4	ZJH_N19	ZCH	Stool	Week.3
ZJH_N20_1_4	ZJH_N20	ZCH	Stool	Week.1
ZJH_N20_2_4	ZJH_N20	ZCH	Stool	Week.3
ZJH_N21_1_4	ZJH_N21	ZCH	Stool	Week.1
ZJH_N21_2_4	ZJH_N21	ZCH	Stool	Week.3
ZJH_N22_1_4	ZJH_N22	ZCH	Stool	Week.1
ZJH_N22_2_4	ZJH_N22	ZCH	Stool	Week.3
ZJH_N23_1_4	ZJH_N23	ZCH	Stool	Week.1
ZJH_N23_2_4	ZJH_N23	ZCH	Stool	Week.3
ZJH_N24_1_4	ZJH_N24	ZCH	Stool	Week.1
ZJH_N24_2_4	ZJH_N24	ZCH	Stool	Week.3
ZJH_N25_1_4	ZJH_N25	ZCH	Stool	Week.1
ZJH_N25_2_4	ZJH_N25	ZCH	Stool	Week.3
ZJH_N26_1_4	ZJH_N26	ZCH	Stool	Week.1
ZJH_N26_2_4	ZJH_N26	ZCH	Stool	Week.3
ZJH_N27_1_4	ZJH_N27	ZCH	Stool	Week.1
ZJH_N27_2_4	ZJH_N27	ZCH	Stool	Week.3
ZJH_N28_1_4	ZJH_N28	ZCH	Stool	Week.1
ZJH_N28_2_4	ZJH_N28	ZCH	Stool	Week.3
ZJH_N29_1_4	ZJH_N29	ZCH	Stool	Week.1
ZJH_N30_1_4	ZJH_N30	ZCH	Stool	Week.1
ZJH_N30_2_4	ZJH_N30	ZCH	Stool	Week.3
ZJH_N31_1_4	ZJH_N31	ZCH	Stool	Week.1
ZJH_N31_2_4	ZJH_N31	ZCH	Stool	Week.3
ZJH_N32_1_4	ZJH_N32	ZCH	Stool	Week.1
ZJH_N32_2_4	ZJH_N32	ZCH	Stool	Week.3
ZJH_N33_1_4	ZJH_N33	ZCH	Stool	Week.1
ZJH_N33_2_4	ZJH_N33	ZCH	Stool	Week.3
ZJH_N34_1_4	ZJH_N34	ZCH	Stool	Week.1
ZJH_N35_1_4	ZJH_N35	ZCH	Stool	Week.1
ZJH_N36_1_4	ZJH_N36	ZCH	Stool	Week.1
ZJH_N36_2_4	ZJH_N36	ZCH	Stool	Week.3
ZJH_N38_1_4	ZJH_N38	ZCH	Stool	Week.1
ZJH_N39_1_4	ZJH_N39	ZCH	Stool	Week.1
ZJH_N39_2_4	ZJH_N39	ZCH	Stool	Week.3
ZJH_N40_1_4	ZJH_N40	ZCH	Stool	Week.1
ZJH_N41_1_4	ZJH_N41	ZCH	Stool	Week.1
ZJH_N42_1_4	ZJH_N42	ZCH	Stool	Week.1
ZJH_N42_2_4	ZJH_N42	ZCH	Stool	Week.3
ZJH_N43_1_4	ZJH_N43	ZCH	Stool	Week.1
ZJH_N43_2_4	ZJH_N43	ZCH	Stool	Week.3
ZJH_N44_1_4	ZJH_N44	ZCH	Stool	Week.1
ZJH_N45_1_4	ZJH_N45	ZCH	Stool	Week.1
ZJH_N45_2_4	ZJH_N45	ZCH	Stool	Week.3
ZJH_N46_1_4	ZJH_N46	ZCH	Stool	Week.1
ZJH_N46_2_4	ZJH_N46	ZCH	Stool	Week.3
ZJH_N47_1_4	ZJH_N47	ZCH	Stool	Week.1
ZJH_N47_2_4	ZJH_N47	ZCH	Stool	Week.3
ZJH_N48_1_4	ZJH_N48	ZCH	Stool	Week.1
ZJH_N48_2_4	ZJH_N48	ZCH	Stool	Week.3
ZJH_N49_1_4	ZJH_N49	ZCH	Stool	Week.1
ZJH_N49_2_4	ZJH_N49	ZCH	Stool	Week.3
ZJH_N50_1_4	ZJH_N50	ZCH	Stool	Week.1
ZJH_N50_2_4	ZJH_N50	ZCH	Stool	Week.3
ZJH_N51_1_4	ZJH_N51	ZCH	Stool	Week.1
ZJH_N51_2_4	ZJH_N51	ZCH	Stool	Week.3
ZJH_N52_1_4	ZJH_N52	ZCH	Stool	Week.1
ZJH_N52_2_4	ZJH_N52	ZCH	Stool	Week.3
ZJH_N53_1_4	ZJH_N53	ZCH	Stool	Week.1
ZJH_N53_2_4	ZJH_N53	ZCH	Stool	Week.3
ZJH_N54_1_4	ZJH_N54	ZCH	Stool	Week.1
ZJH_N54_2_4	ZJH_N54	ZCH	Stool	Week.3
ZJH_N55_1_4	ZJH_N55	ZCH	Stool	Week.1
ZJH_N55_2_4	ZJH_N55	ZCH	Stool	Week.3
ZJH_N56_1_4	ZJH_N56	ZCH	Stool	Week.1
ZJH_N56_2_4	ZJH_N56	ZCH	Stool	Week.3
ZJH_N57_1_4	ZJH_N57	ZCH	Stool	Week.1
ZJH_N58_1_4	ZJH_N58	ZCH	Stool	Week.1
ZJH_N58_2_4	ZJH_N58	ZCH	Stool	Week.3
ZJH_N59_1_4	ZJH_N59	ZCH	Stool	Week.1
ZJH_N59_2_4	ZJH_N59	ZCH	Stool	Week.3
